"path","bytes","sha256"
".env","779","E4998BE5A1D4E623FE69D025F7CE0B9C61707AAABF09FDC778C980376063B651"
".env.example","6197","544F2C6544D7E7F0460ED48D46E6897FB6D3C4140EA0FC54625C00E9F9444755"
".gitignore","300","5C27DF76ED2F604A2A462F84282EF591ED1A76D45EEBD7A5808FA9CC319C4B19"
"Cardaman.exe","25600","2A065403F52CEFD6FCDF25D80B3AF83A1A5958B1BA59A872E8E5C00AAC619B51"
"Cardamon.pdf","50159417","1B80CEB064972A2E68B84C3460057C0D2962D466A5365D8AE3E78765322AE951"
"compose.yaml","3360","19DFD4A7497F79DDAADFE0492E622137E01558F2B88CD17B3AD4DA872E47A8BE"
"README.md","12362","37D67AC01273A63AC4076915E2C2241D8DD6C8620A6E5F0D89254F71DAC97C13"
".venv\Lib\site-packages\torch-2.14.0.dist-info\licenses\third_party\flash-attention\third_party\aiter\3rdparty\composable_kernel\LICENSE","1754","99EC4452F4047B6C53016A502BF94451EB317EFF5AAB5F63CEBC16F94020D64F"
".venv\Lib\site-packages\torch-2.14.0.dist-info\licenses\third_party\flash-attention\third_party\aiter\3rdparty\composable_kernel\docs\LICENSE.rst","340","81C3C62D810D7277F0583179DF2A28A997B013F389F97778E9E7480114E0CA06"
".venv\Lib\site-packages\torch-2.14.0.dist-info\licenses\third_party\protobuf\third_party\googletest\googlemock\scripts\generator\LICENSE","11589","E438EF741BF3660B5C54F4452D7C0B387C8557207CC3E9CDA499E461A94DF2B2"
".venv\Lib\site-packages\torch-2.14.0.dist-info\licenses\third_party\tensorpipe\third_party\googletest\googlemock\scripts\generator\LICENSE","11589","E438EF741BF3660B5C54F4452D7C0B387C8557207CC3E9CDA499E461A94DF2B2"
"backend\.dockerignore","59","0A077B58BEDD942CE867EB513B4F51F08C389372773279462187862FCF56B54F"
"backend\Dockerfile","306","6DEDA644A9DEDDC512D1D9434BA89857978188197A0F8B61101D969553395431"
"backend\pyproject.toml","545","0431E8C341810A6FF5535F935E647501D806C248368EA8580A291C44EDC9BDE6"
"backend\src\regchain\api.py","1655","94C59BECB2D73DA981D30A11A40234888979F724EF853C12FCE180529E7F0EA0"
"backend\src\regchain\assessment.py","6478","87EEE47A343A1FAB715A7101B7B2CF4B118D84E3D0434A3C07185594E1C3BBCB"
"backend\src\regchain\evidence.py","2447","0C7E28D07D6C6C83C5A30741854485D44E0AF911457EA4EF8EA95AF9DADA5067"
"backend\src\regchain\extraction_api.py","9057","56A50B2B594E8E2E4BEFB0E944D22979EF12BD33F11A4F92B94C44EDB16E457A"
"backend\src\regchain\migrate.py","3985","2EEB6A3ED4A9676773B723F1B4EF2D78F4E0257071E7382255D2BA29F458769A"
"backend\src\regchain\model_router.py","11934","7F6F02576C866B993367CDACB2EB29119AE206428D146290942342F5DA787011"
"backend\src\regchain\regulatory_api.py","8253","3998FCB54187BE7FB98EFE8C65EC3BC83BD816E98ED14CF3866C2D7C17A2B12F"
"backend\src\regchain\__init__.py","464","6C5F3D49029DA683CA1FEECEBBC2F13AFECFDB7AC95C6BC7329E46EF2B15135F"
"backend\src\regchain\evaluation\cli.py","18486","A442FB998C5AD59163AC277C16176E5EDC3EE3A73219FD543B528E52A525F634"
"backend\src\regchain\evaluation\coverage_errors.py","66378","EA24AC2EB53AC588FDEF95BE7A099CAA1F8755F1CE84590208D10531A145ACA6"
"backend\src\regchain\evaluation\expert_export.py","48246","63A2646E267CE3BD3FAA6A6CCABA9EE7DE9A94635CA49B4FEFA30745BF00BFC4"
"backend\src\regchain\evaluation\expert_gold.py","11512","581D7E87F53E715931A03A3E822A13CB943E1738EA78A99C19F85F8B7FC237C2"
"backend\src\regchain\evaluation\gate.py","15277","1ADA9A2C0E91186623FB616D08C0FB50F425AF1D09F4A5684B4F72EAB0FE0882"
"backend\src\regchain\evaluation\harness.py","46179","FC814A78C1429B21E41F1586FE6A8F3382AEC7CE551D05735321E37E4AC39CA4"
"backend\src\regchain\evaluation\identifiers.py","31738","5B421F1DCE752B5F660562F4B800A2B8C6A9F2FA85E964996561ED5B43F775A3"
"backend\src\regchain\evaluation\labels.py","20468","75D77E714183E6A7B347B663690136B05AFE6320417DA5D8CF84C8D9A7BE89A0"
"backend\src\regchain\evaluation\manifest.py","7635","24AF22749262ED79FC8568582737A5ECFF52B97859A04ECE461B62DE6F3ED0B9"
"backend\src\regchain\evaluation\metrics.py","24422","1976CFAA4B6CFBAC1760A37305D55B43D28385187844DCA69AA93E18AAAB630E"
"backend\src\regchain\evaluation\pending.py","49664","836DA62FED72CB5588BF363056343A4D165FE8456A3A0B12FBA02F64C71925D9"
"backend\src\regchain\evaluation\report.py","56957","D130296F3ABA2417A3BC63D33CCCAE5A2D59B8F988400DC75E8FFE5FDDBB94E0"
"backend\src\regchain\evaluation\schema.py","5906","C0E3B1CD9E6E0A0DE199137822260590D3EC9E18787AF8CD9064863A494B5520"
"backend\src\regchain\evaluation\taxonomy.py","38323","F59CE348EAA8AFC6A2CF43F5466402F84C58C356C99B6DA53C04CC4A6FD68837"
"backend\src\regchain\evaluation\__init__.py","459","DEBE9AEBCDC8A36BA8CAA4A309E792C350C004199ED06CEB657D58DF4B41AE2C"
"backend\src\regchain\evaluation\__main__.py","52","13A1A5B340CDCFC1902B62BE90E508C7C71886000D5BF087E7854AADF09FB35E"
"backend\src\regchain\evaluation\__pycache__\cli.cpython-314.pyc","24285","8B71F363516D5D694DB8CE995348DA94C697A8692491845F1D4E54824E559D2D"
"backend\src\regchain\evaluation\__pycache__\coverage_errors.cpython-314.pyc","109808","E99F65494CD7B913A2F8C866EEA0D20408F2106E339AE3196DA2E4CA6466D53A"
"backend\src\regchain\evaluation\__pycache__\expert_export.cpython-314.pyc","72537","66E41778C0661A881FEFACA85434015D143063137386DD0FC4B52A21A3595275"
"backend\src\regchain\evaluation\__pycache__\expert_gold.cpython-314.pyc","22927","A2C07037B2633ED0B00D442097B9701522AC7C0F409609834E53ACE7FF8A5DE3"
"backend\src\regchain\evaluation\__pycache__\gate.cpython-314.pyc","21096","528E5979C497F28A66B98B1199A680D120DBD80A1A0E8DBD70B55528377DC2BB"
"backend\src\regchain\evaluation\__pycache__\harness.cpython-314.pyc","68296","F9550E9B8F7313C221E93A0EDB027E9FAAD559FA9E6434529BCC80ACF183D2CB"
"backend\src\regchain\evaluation\__pycache__\identifiers.cpython-314.pyc","53392","3A273AAD0E644682A8BF8ABC44842501F2C8A50B74D95A7A7A4911DD8008D4BC"
"backend\src\regchain\evaluation\__pycache__\labels.cpython-314.pyc","30086","86934169C0C496C6A6E0A1030491D8864BDDEC630038749BC8DB88CAE3A4E9F8"
"backend\src\regchain\evaluation\__pycache__\manifest.cpython-314.pyc","11269","BDF3DBDD164924BEFE49727DB435B41EB3063A524E4F311204D1A0559335B270"
"backend\src\regchain\evaluation\__pycache__\metrics.cpython-314.pyc","48890","3B5E2B03B0FAEF50CF32CC469F06F62642FEBA2E6C700F5C168834C10537E482"
"backend\src\regchain\evaluation\__pycache__\pending.cpython-314.pyc","76688","5E3BDE1CA2FB7F9FF0E60EDC0532BB4F86C5376F747276D1E445BCD6E46E5B22"
"backend\src\regchain\evaluation\__pycache__\report.cpython-314.pyc","88691","304AD3DB16D78BD0D4CA05FA7B6695BA5085593EAC0BA98E6A173C3D86F6DA46"
"backend\src\regchain\evaluation\__pycache__\schema.cpython-314.pyc","8840","34A3237897E60A8B0B75AD571443421644F921EA9003573DD089E49D54513FD8"
"backend\src\regchain\evaluation\__pycache__\taxonomy.cpython-314.pyc","54959","0C5251514A1F1D61B94EA3B3F57D6E649491D6F98259BF4DFA529834AC9ECCE2"
"backend\src\regchain\evaluation\__pycache__\__init__.cpython-314.pyc","661","EE635559901BD00D563C739B8435D8FEE1E79840E608F48914CABC591D7FBB62"
"backend\src\regchain\evaluation\__pycache__\__main__.cpython-314.pyc","306","892CF62864A1FEE7C79F65990231A395089ACD987C9868264F01182721E70CCF"
"backend\src\regchain\extraction\amendments.py","13076","D6FF99A46D0C3E685544BFB53E32B3ED038EDAF563ACD12AFE9E287BB14FC853"
"backend\src\regchain\extraction\benchmark.py","9432","D827828605E55909AFB93FE40BCE309B2BBC2C5559764C0D193739579D12848F"
"backend\src\regchain\extraction\classify.py","14627","BE1B6C529284E5FDAD97ABD6FF4CCBE9AFF0D6B0EAFCCF696DDD57517ABBABF9"
"backend\src\regchain\extraction\cli.py","1892","E767BEB6F896130959B6C665DA1D22BE11D5394B13E825BD1C8B06356496B204"
"backend\src\regchain\extraction\contract.py","3432","3C2B4B67B1AF96D419E4CD0B8D7BE3300F95993EF4E76883333B3EECBAA9AB96"
"backend\src\regchain\extraction\coverage.py","4831","419CFD207988CE8E58A43A7380D874F726117B6261DC8BE911F9D34F66E11DFD"
"backend\src\regchain\extraction\evaluation.py","3304","D6025C8B6E43608FABFBA4DB63F8593310CD47DE4636180029ACE01A817096F4"
"backend\src\regchain\extraction\grounding.py","33176","F36FDB8DBC628976128382C6E2CBB663A335E5CC26A9074CF9CB92302C1F7F09"
"backend\src\regchain\extraction\pipeline.py","21689","2F4B996A8DFC2B2770589EE71F883459ED195C27986BE114E981F1D243EF2FB1"
"backend\src\regchain\extraction\providers.py","90046","C948690394367B48B13B014E3B6C6C063840D3B49B787933B5E70E41A124B3B3"
"backend\src\regchain\extraction\quantities.py","21186","21157706BE6EE35D162A6D3C6AEC302E15EF7F98587B4A5A077C85C3CEBB787C"
"backend\src\regchain\extraction\replay.py","2916","3F596B66008A6FC2799FF39426BB68EC2ABDAC24653F8F5604057338E61A4FDD"
"backend\src\regchain\extraction\retrieval.py","20039","7391580390D15438BA7E30F109E8643D24516B2C25FC3F35D4F50BEF2C3583CB"
"backend\src\regchain\extraction\rules.py","6545","FBB4368D05971179063A76AEBEE0E4DA63E52C9FD15BEC557878921865BF204B"
"backend\src\regchain\extraction\schema.py","3414","6FE0D0830B923C1D5F913667EA57E634D004B10A9073A4EF061860B73B863F7B"
"backend\src\regchain\extraction\service.py","12109","C17461E9E427F96BA01BAF8AF1E338E1DD03FD468A9D5E4EDCBC9268A8F517FF"
"backend\src\regchain\extraction\spans.py","70512","C6198F2C134FE52900671C219592D062DB576C213229F3598D5AFC7E5F28BE2F"
"backend\src\regchain\extraction\structure.py","31914","3B31141EAD75B70140A67A9E8173EC09417382A3670073A514815FB556DB65BA"
"backend\src\regchain\extraction\__init__.py","79","0BA122962F05EC8E02401CA19A2A72A9FD244371DDB1E53EAFAA139B5CDAAF9C"
"backend\src\regchain\extraction\__pycache__\amendments.cpython-314.pyc","19058","AFC9DBEA16A1F089D7B3FBB281CB51ED0CFEFB642DF5F6BD2E7999252957548C"
"backend\src\regchain\extraction\__pycache__\benchmark.cpython-314.pyc","14133","19DAA2626A589633BD50CEB4D7F6675A8CF3688F1074AB854B54C0E51A219400"
"backend\src\regchain\extraction\__pycache__\classify.cpython-314.pyc","22768","147737A279773FF1A16D8ACD86FC2E70FA82CAE65D4FF4ED1D51513AD4A03C48"
"backend\src\regchain\extraction\__pycache__\cli.cpython-314.pyc","3609","FCEEF812F3D38832675BC8DA888DE948CA2323932401B8861AB3DBBE978F8D93"
"backend\src\regchain\extraction\__pycache__\contract.cpython-314.pyc","5079","CB41CE44A630DF45E13B33B97E6BF796E7B87FD5BC2DF0EE4F225299DBD32C88"
"backend\src\regchain\extraction\__pycache__\coverage.cpython-314.pyc","6988","F67E56336D01F20F62E7701188A9444A2E3A55EE55A52D614956271248D019A7"
"backend\src\regchain\extraction\__pycache__\evaluation.cpython-314.pyc","5826","27101C1CE81F3B910BF5A71D00EADDEF0D2763F3E6E3B7E6F44C2284E750AE51"
"backend\src\regchain\extraction\__pycache__\grounding.cpython-314.pyc","46672","BB2C926C8C9982D70C04B8EF4E4700106E1BD68ABBB4609525837AD3C221F437"
"backend\src\regchain\extraction\__pycache__\pipeline.cpython-314.pyc","23708","3771A01F044371D5DD38A86BAF421070E7C2403BB9F80A9341DED6446B90624F"
"backend\src\regchain\extraction\__pycache__\providers.cpython-314.pyc","104221","A0A16A4F74AD99868ABEA55387AEA961437E0FB53F7F9A052A1F624582B96517"
"backend\src\regchain\extraction\__pycache__\quantities.cpython-314.pyc","29725","157846BF54647C8E3DDF814C83069A7DC2FA5F2FAAF5BA6B655FE502E200F629"
"backend\src\regchain\extraction\__pycache__\replay.cpython-314.pyc","4907","AF40DA85FE542EED095D992D73BF9CE276204FED6655F961A299F27AE5F3EB69"
"backend\src\regchain\extraction\__pycache__\retrieval.cpython-314.pyc","28642","C1857CCA1F3677F3B40C2ABFC782E2509CCE5509780B5AEC720C41191EB7D3A0"
"backend\src\regchain\extraction\__pycache__\rules.cpython-314.pyc","10037","5A5162A1AF8E081F33C2C41A4D4FC00D2F5092FFF4382E2FBB54DBA749ADA04B"
"backend\src\regchain\extraction\__pycache__\schema.cpython-314.pyc","7540","424077FB50A1E4AA998AAB5A9A1929F747D981F8C9773F3EF2E8580290DB47B2"
"backend\src\regchain\extraction\__pycache__\service.cpython-314.pyc","15937","2BBE0FC297B029A7081D78ABEB7FF32154D106D678F931BC0269067BC371D7E5"
"backend\src\regchain\extraction\__pycache__\spans.cpython-314.pyc","101285","0ADA4D57AD88154FAA947F5FF814DCEC4C0FFF6884B25A9ACEEA8D4E53CC01B3"
"backend\src\regchain\extraction\__pycache__\structure.cpython-314.pyc","50884","FF9359C7BD7FDFC84F900BF0F6AC02E7FCE80623BAFC63F2B8071E28EB9E8973"
"backend\src\regchain\extraction\__pycache__\__init__.cpython-314.pyc","276","1D4EEF669258AD7DD095083A89C1E9E41D8D9D8A44A1E7AE2960490794BF6319"
"backend\src\regchain\ingestion\cli.py","4819","88971F0957F66AE1BAD569810B00E6B41D6911A0380E151E88DA22BAAECC173D"
"backend\src\regchain\ingestion\compare.py","8816","5595975117D5ED3849F0730867853608F357861FE7F67AC9AE8A64BABE7C2DD2"
"backend\src\regchain\ingestion\diff.py","1683","14500CE7B7387C068F94EE1CEAE774DEDECB2EACE568122339C8785E2B3807A8"
"backend\src\regchain\ingestion\fetch.py","6813","1B0A0E25F1163CBAF6F141A31224353F4902230D1866D16A4CC1A0AF256B1B77"
"backend\src\regchain\ingestion\handbook.py","11404","DA2FE0BB115F05BEF6AA5A7B8E0E4FF8A4BA150B326D41ED804FE070E7943233"
"backend\src\regchain\ingestion\mevzuat.py","15017","CFCF4FB5FC24E61F5E6C20D8F36A20B5536039D57EB61B214DD6D56AAC1BDAD8"
"backend\src\regchain\ingestion\models.py","2648","47FB81D63172EBD5983DCD2F6FA7F1B8C7C4DBFAEDA1AD007E61C50CB8C2649D"
"backend\src\regchain\ingestion\parse.py","7283","40ECBB631C6DDD831BFFF9683261D14C24BE8211D40F7626D19C7AF38C0B3CCB"
"backend\src\regchain\ingestion\pdf_structure.py","3989","C88887B62106B3EB8E86C38B2472E7B51C75FDDA531545686ACC420127BA1F96"
"backend\src\regchain\ingestion\repository.py","7785","284A418AAC0958D90EA443E94B2C6B17D1D59D8C9D03C0626A31DA8F9AAEC8D0"
"backend\src\regchain\ingestion\sources.py","2840","CAD3F9C8F0B0FAA95EA2A84C50C1E3142DE1DB24F4575AC605C61CB15E819221"
"backend\src\regchain\ingestion\worker.py","1567","5EECB4126F6ACC2AC0A951E509280D6645BF70B2BCBF48A470A3FCCE5AB95968"
"backend\src\regchain\ingestion\__init__.py","70","064F3BA0C5F783CCDCCEFC9F05F8F8EB68BDD1A96E1A10169B102DAF2DB971E9"
"backend\src\regchain\ingestion\certs\geotrust-tls-rsa-ca-g1.pem","2552","E841E3606A074557C59068597520B25CE0111904FBE6B5B23744F833122860C9"
"backend\src\regchain\ingestion\__pycache__\cli.cpython-314.pyc","7806","FBF2CDF305504171568434ED735304E0BA3914B5B634707CAC53B0AE6E5C3B03"
"backend\src\regchain\ingestion\__pycache__\compare.cpython-314.pyc","12150","F5BC0AEFB5D9192922BC0303C110BFB9F014E1C5BF98CFD98AD3B4E267176887"
"backend\src\regchain\ingestion\__pycache__\diff.cpython-314.pyc","3400","3D0A542411DEB75DA915521D8EFC1D3CFBAE51F57571D7923EFAD30201D44D59"
"backend\src\regchain\ingestion\__pycache__\fetch.cpython-314.pyc","11340","B310E79A6739BF93A3D6CBB8DD3560999C5C6DDD66B4F94789A34FDC2F27E58D"
"backend\src\regchain\ingestion\__pycache__\handbook.cpython-314.pyc","17147","5D6065557F52DF363F452C25A1BD6B922D65C21F16D305B7A57570F52A9133D4"
"backend\src\regchain\ingestion\__pycache__\mevzuat.cpython-314.pyc","20701","9A4601FC5FD4772ABD1DE7ED1887710D77C59391DABE1EF8D46D504DBC6CC9E5"
"backend\src\regchain\ingestion\__pycache__\models.cpython-314.pyc","6203","3BF38A36E94EEAD5753A090B8F098846D4A95440EADABF0647F93AE7F53D6154"
"backend\src\regchain\ingestion\__pycache__\parse.cpython-314.pyc","11395","027047E3DBA650C60319D0E78CFACCBFAABC1224F7D89C8BE83127D49F075A0E"
"backend\src\regchain\ingestion\__pycache__\pdf_structure.cpython-314.pyc","5508","04AADA31A3931036F5BC4B1AB6B63963E6124DFC30BF80E482816C8BACCEAC8F"
"backend\src\regchain\ingestion\__pycache__\repository.cpython-314.pyc","11259","3A279E78A0351A008625846DFD3AA1521A69EC597C46EFD1E3B4971DDB70C209"
"backend\src\regchain\ingestion\__pycache__\sources.cpython-314.pyc","4822","5B7D03C1C2520B3B8977CB53BE234391C474A40FB5712498F8AFB08B1D55826B"
"backend\src\regchain\ingestion\__pycache__\worker.cpython-314.pyc","3512","AB6C49B7D9B0DEE3FA6CD71F9C58975336BCCDDA1E96CBAA69BA2EAC06AE1B4E"
"backend\src\regchain\ingestion\__pycache__\__init__.cpython-314.pyc","266","A7769183CA4FFF1DFB93938D42D58CF21E1ABF8879B07AE926AF8EAFDCAF97AE"
"backend\src\regchain\pilot\applicability.py","67311","9117F9D3BB553AD9393F18ABBD2D57D701D86FFA7C955AB9DCC445CCD3949B9A"
"backend\src\regchain\pilot\artifacts.py","2557","ACADFF32B6D0B40CA3C381C9C9E14FC7AB07F9E5D090B4672136AB6B25182C11"
"backend\src\regchain\pilot\conflict.py","117711","4B39595D0596787710F5996A07D52E29547FEF1A062450E93D581F0D903993B7"
"backend\src\regchain\pilot\decision_trace.py","5702","4AB8F7180D5453E3A9E634E98CDFB4FAED74DDCD98C8C35014C4E0FD8C9D4B57"
"backend\src\regchain\pilot\definitions.py","4476","3DAEA61F52DBC930980701FD66BBE0224742C57AAE5F6F235062C266DD6B9CD7"
"backend\src\regchain\pilot\engine.py","311442","B7A6CF6B41EFFFA153CBE02C12F47F7AF57BF53BB29A7F94AC60D90F200CD540"
"backend\src\regchain\pilot\entities.py","25076","9A82001E74EB87E3C695FE6A7BE6DECC374EC656C6419A4656C863D35C4DDA26"
"backend\src\regchain\pilot\evaluation.py","5616","B988B69B5AEB3DE92A570193923324D14DB2B8F9467D3365657186E06F292965"
"backend\src\regchain\pilot\financial.py","19171","B5BD33CB1963E85A84E1A98660FDB095480763893178BD329FD7979F64C898FC"
"backend\src\regchain\pilot\impact.py","9492","A44684AAA3AC78B4EF01A16834FF6DE058AEAEFE8289C625C7AC02CE41AE1D42"
"backend\src\regchain\pilot\normative_audit.py","14739","E9737FACB3102B3BBD24A8E88D74CDBB20B0C4B89C27798EE05BD3E24FC65E78"
"backend\src\regchain\pilot\paths.py","875","6C8347047E8AA7C9B13431CAC481FDC17DF8D5CE492813C524C52A6478DF6584"
"backend\src\regchain\pilot\policies.py","20012","671FCB153F1A28601A6F649651A271898BECE887430398D8935BF6E78091EF1F"
"backend\src\regchain\pilot\report.py","62650","F702E788FE5F86294188CE13CE7C8E1B62351DC4C2B77EC0CBE9288FD8AF92AC"
"backend\src\regchain\pilot\rerank.py","8397","C06651EE010D10ED86658A4491F072D8CAC4567EE50DBEB06B3D1C6E017AD74F"
"backend\src\regchain\pilot\review.py","5132","AECC49B75C3A1D7FDD7F267FBA59D1A281881C09FFA1D39CEDAC703826A71EBC"
"backend\src\regchain\pilot\schema.py","15254","A653B80ECC66E9BB3D10FB2F3C3A4354272A66FB110D371C72ECC263674E7AC9"
"backend\src\regchain\pilot\scope_integrity.py","14428","6311270C729C96D12CE4687613C8DCBBB3204D19D079AFEBDBBBF4C3E7F3A392"
"backend\src\regchain\pilot\semantic.py","25247","5FC7BD50721448AB71B6A9865B48E0E6969CE45C1454C3BD074894701F5AC0C4"
"backend\src\regchain\pilot\sources.py","13792","6F90019B59BA3449A27276ACD2F948E596D0033AB0D036E283DC32F378DBEC03"
"backend\src\regchain\pilot\turkiye.py","5181","09D747A1294A47AB4DB59D8E054BFDD355692EC3346DA5311093244F87FB361E"
"backend\src\regchain\pilot\verification.py","1933","F0C1B6E52556C077005996D0FF00A15BD653BE7B56DAE60B701C94406E142A82"
"backend\src\regchain\pilot\workspace.py","71360","A1A2CDADFA6E1DFAE729FF277EA38CFAF660A25AD8A8C4C711D139CE648B72AA"
"backend\src\regchain\pilot\workspace_ui.html","57901","5723711CA4284C3AE759E560A6474679BD08FA7B23E511B7A1145169A4D8F648"
"backend\src\regchain\pilot\__init__.py","74","81BDDDA523A99BFD1457B84B16161EE5E12851C97403168B229CF4A166DA4E91"
"backend\src\regchain\pilot\__main__.py","7731","49153F537DA64C823D9DAE01BED405B7863CD8D5F5EC22F197B63B2105B230D4"
"backend\src\regchain\pilot\__pycache__\applicability.cpython-314.pyc","82661","C83669F381A863DD823AC938586209894AAD50ADD39435942ABBB575CB866E98"
"backend\src\regchain\pilot\__pycache__\artifacts.cpython-314.pyc","3819","D960DBF81A73858016F56B3E98A3A7657D1938FC33E2F305729FB4FD062F29E1"
"backend\src\regchain\pilot\__pycache__\conflict.cpython-314.pyc","165254","BC652C8173710B16C92798484DE57CC082CC3D7C31A74370AF7E33D900963255"
"backend\src\regchain\pilot\__pycache__\decision_trace.cpython-314.pyc","7759","73FC4E41B58B311344A7B4AB943297CA7C3C466E55B0B5667B1EE11FC815F4CC"
"backend\src\regchain\pilot\__pycache__\definitions.cpython-314.pyc","7951","CB58CA638A8D31A854618430223E934CD51BEA052F1D6E3518621D9233FE3501"
"backend\src\regchain\pilot\__pycache__\engine.cpython-314.pyc","359096","DB0318B78A620973838BF69485F33636E1E78F2F2CE77B7FECD8F3B26DCE8C28"
"backend\src\regchain\pilot\__pycache__\entities.cpython-314.pyc","33639","4D4E8371B68DC2389B5B98EA092C5D18103C0C9A63D6256FBC323D1E1B12259D"
"backend\src\regchain\pilot\__pycache__\evaluation.cpython-314.pyc","8047","58546572C86015F2233F0C8A63FE8A314D1EBDD0FCA1AD65E7BA40FC6328E5FA"
"backend\src\regchain\pilot\__pycache__\financial.cpython-314.pyc","31769","DC6617CCCD1FD3B10C6C3D72812BFA0ABB1E1C8788BB7BC12771E38FF60E0E08"
"backend\src\regchain\pilot\__pycache__\impact.cpython-314.pyc","13709","3F5A729DD0B26C798CFAB73753D2154D6D68B4ABEA670CF908EBA1E6B5285AFE"
"backend\src\regchain\pilot\__pycache__\normative_audit.cpython-314.pyc","20968","06CE2F9C9797AFACD00962DA690B2BCC2A5EB102353E9CB2375A24D5F684DE01"
"backend\src\regchain\pilot\__pycache__\paths.cpython-314.pyc","1602","13121C5B0C895C81A62FBF312EDC00C46D9EB0443DB1CF996804F94A2B052DBD"
"backend\src\regchain\pilot\__pycache__\policies.cpython-314.pyc","25986","38C09C47FDC76E9ABA09D44E7CADC4645CEF106B92223D24FB3C10F8DCCAAEAD"
"backend\src\regchain\pilot\__pycache__\report.cpython-314.pyc","93387","88E3B19AD976C9890DE7FC61944AAEA63B4B8D575BEFCE461F4C300AADA9A483"
"backend\src\regchain\pilot\__pycache__\rerank.cpython-314.pyc","12630","772A146456A162585E7A6D7C3FEC43C4201B811F2974A6FB78F9D93A834BE8A6"
"backend\src\regchain\pilot\__pycache__\review.cpython-314.pyc","6727","EFD840818C68F688CECCA387D953F325B605C2316640B69A0202876E3E7DB624"
"backend\src\regchain\pilot\__pycache__\schema.cpython-314.pyc","22603","FC568C6CB06024336BEB49058F935CB031BBFD24E06C2A4A46E5235A86C29886"
"backend\src\regchain\pilot\__pycache__\scope_integrity.cpython-314.pyc","21424","06333CD31E944E06E2BDCC27395F5E7E4502E304614FB4D93A5C687725A94401"
"backend\src\regchain\pilot\__pycache__\semantic.cpython-314.pyc","38537","212443A4720C6A9204B7B53D9F4C92C77B54D522EA57893FB7C46B75FB709092"
"backend\src\regchain\pilot\__pycache__\sources.cpython-314.pyc","21249","8DA887270FA89460D330E2D788450A2AC024BE19D948F74B9539941ED62194F9"
"backend\src\regchain\pilot\__pycache__\turkiye.cpython-314.pyc","9877","D9ADC74FBCAD74C4259C0C8065264C2E09360692436968885D382CCE708FBD06"
"backend\src\regchain\pilot\__pycache__\verification.cpython-314.pyc","3074","98C42DB97368A2ECBBED3D8A7A8337DC3A94D56F4065CE8E2AE4AE67FBC116AE"
"backend\src\regchain\pilot\__pycache__\workspace.cpython-314.pyc","116341","EF74BD0E760E647507B0DF156890656B8E876844AD777E299D34FE749450FD9B"
"backend\src\regchain\pilot\__pycache__\__init__.cpython-314.pyc","266","FEE130C7EB46871AE95B79C7209F8770D431BD5B93C893260FA564340760C517"
"backend\src\regchain\pilot\__pycache__\__main__.cpython-314.pyc","11961","F231EF0C3DF0A4D2ECE646AA218D9AAA14471FAA040C1EDAA7BD1930D89FA46D"
"backend\src\regchain\platform\audit.py","4720","2BA950D2BD74515FC407A8A282B15C390D92E338F6F70F75328A7B1F6CBA0A91"
"backend\src\regchain\platform\context.py","5112","78F608A911B448F0797DAE6A5ECCB4625BB78802DF958143734D305479C72C61"
"backend\src\regchain\platform\rbac.py","3504","4A5B74033491E0D348D4B8A90D2100467D8DE1037594398580737FC31A3BC8C6"
"backend\src\regchain\platform\redaction.py","6777","48FA2CD1A2D99A6983243439E15DC53F19D47E4A26F9073EE547960B40B386F6"
"backend\src\regchain\platform\retention.py","10303","BD633DD91700DA3C3DD5BC3EE89DB683F5728351A5A7851F8B9A0A2C1C514E98"
"backend\src\regchain\platform\secrets.py","2351","FB5E4F813E008EC9D130BAA403E15F7DD783F357CB87C9BFBBB30101C186994A"
"backend\src\regchain\platform\storage.py","5042","E5F232CB367FF63CC277F3E3C45DEB1F8A14886BB95951B6DA398EB14373DBC5"
"backend\src\regchain\platform\__init__.py","1657","09E287F4A39A97F485144B848A3FE1CB4F39BAE1DD5AC5D766E2C7D16EC5496C"
"backend\src\regchain\platform\__pycache__\audit.cpython-314.pyc","7895","B39384891EBF8F5E9651EB54D8C0ECDA416A21BF7892914ABFFA9C7DB1F48454"
"backend\src\regchain\platform\__pycache__\context.cpython-314.pyc","8333","E164D6618415DCCEE096B5E94655F48E8AA9B20FAECE9F747B57453B1B75F23D"
"backend\src\regchain\platform\__pycache__\rbac.cpython-314.pyc","5174","E91133B13B82E63CCBF25C80F8806850C27A261B1983B21D35D3EAA3F3CCB76C"
"backend\src\regchain\platform\__pycache__\redaction.cpython-314.pyc","8621","7B7D1F83907BA86F3A225D727D6F1A4C0DF4F0B3C8D999EA426354C92C3CB6C2"
"backend\src\regchain\platform\__pycache__\retention.cpython-314.pyc","16180","BDEA58AB954FBBCF68CB85E79B910B94C6A3D08885C46C0C6888FD10FD4E1ADC"
"backend\src\regchain\platform\__pycache__\secrets.cpython-314.pyc","4436","959ACDAB809674288B7D96245C3A43DD7C4EA436CCEF7B6BEF00C05E06A79C10"
"backend\src\regchain\platform\__pycache__\storage.cpython-314.pyc","10978","89F9C0716E14E55AB722DF244EE7C6D0BB4214139A71B3EE158DCC1B75A7E344"
"backend\src\regchain\platform\__pycache__\__init__.cpython-314.pyc","1857","1C9036BD613AA1E4B7D6F7F10741FFA7B4A2EC61067D2AC6CDB35FF8B954F31F"
"backend\src\regchain\__pycache__\api.cpython-314.pyc","3656","D89DAFEDA14272598F5F170CDFE49E7A86713C92F203018750B6014F73CF2AC6"
"backend\src\regchain\__pycache__\assessment.cpython-314.pyc","11926","C66AD72206802EEA06E1269DAF133B8E9A501FD503AB917D654D65689AA38D3D"
"backend\src\regchain\__pycache__\evidence.cpython-314.pyc","4860","218E5D0CF8EA17F53A756247DBD06DBA0D7D8658E8A23978AB78DA7A26199E22"
"backend\src\regchain\__pycache__\extraction_api.cpython-314.pyc","15549","D50050BB2BF0F4848F3A0A8FE388BF2C81E2FF8AE8825549C3B6C40FD700FC4C"
"backend\src\regchain\__pycache__\migrate.cpython-314.pyc","6086","B9DD819153BCADCB13EC24E7EBD228D4D24B191F1B40C7657419A06E36D11A3D"
"backend\src\regchain\__pycache__\model_router.cpython-314.pyc","19786","CD45D5BC1F1E6C13EB0B9FFD6AFDF029173AE04317139E28DEC236FF8014AAAA"
"backend\src\regchain\__pycache__\regulatory_api.cpython-314.pyc","16636","26E0FF3C31FB20A27BF734CCEF58168C6D949ABF9FA141677CBC8CE92BBBD712"
"backend\src\regchain\__pycache__\__init__.cpython-314.pyc","985","284EDD8E6517FAAE0E467AA10DD16B2C79F6A9DC14C8A36BED9D7EE38255E580"
"backend\src\regchain.egg-info\dependency_links.txt","1","01BA4719C80B6FE911B091A7C05124B64EEECE964E09C058EF8F9805DACA546B"
"backend\src\regchain.egg-info\PKG-INFO","437","7246CAE8EDD38663219DF4B82FE3FF75CCC045C327D30F4F6061E6C127C72F5F"
"backend\src\regchain.egg-info\requires.txt","182","5908A44F73AE1279C0DB2B8D2915D28BBEBF42F1A1CDCEECF533AE2D18891289"
"backend\src\regchain.egg-info\SOURCES.txt","1208","82357E348FDDB8FFFD5DCF04DFF7652AA15E4CA046CD22F0FCC1C7377454C567"
"backend\src\regchain.egg-info\top_level.txt","9","1B702DC38CB9F19FF1B0B0294161604162745D333F3C57E6FE1DA5D0B72C0058"
"backend\tests\test_amendments.py","8595","F5C824D037CFD927F434392838CE8E111E79C484EEADB7E7FB166794CD157277"
"backend\tests\test_amendments_postgres.py","9731","96B7D4185A2555FA6F0C2E12EC2E276B94B41CF60D9034D50DFD4DAD43CA2146"
"backend\tests\test_api.py","1282","23572EE2346394F1A66363CF29A3894EF1C1C8B175810267B4793D596CBB7E90"
"backend\tests\test_assessment.py","3090","AA7A4DD2178D3CE1761DC4D491437BB2ADD31907C9A399507DE34A439A5E71B6"
"backend\tests\test_autonomy.py","8429","59553E325A70EA923F21E43BFA01779A33A73A07C345289F6103C6AF3B466434"
"backend\tests\test_compare_postgres.py","10431","2934958E31F14831A891EB6960088A50C283417D658E8C690090456D467DF03B"
"backend\tests\test_conflict_hardening.py","6101","4ED4D399E70CD5EAD691AAF5599A80910078143A99B80E81120657F585E4450D"
"backend\tests\test_consolidated.py","13590","CCFC264B256B78EA68A9CAEAF69B9DCAD2CB1FF6BAEA8F5C1805FBB277D0126A"
"backend\tests\test_consolidated_postgres.py","12113","9977AB7C70C0E73D90A5A3ADCC8BAB375B920F848211806C0A56B81036D8425F"
"backend\tests\test_contract_v3.py","9154","4A0BDCAD5DED5AC9E295C18D66066218FD0161213B5EBE50AFA29DC18D369D9C"
"backend\tests\test_decision_trace.py","3446","04133A6453A923E7172EA19771A3B1E958F68418C4835A40143EDA0080064503"
"backend\tests\test_evaluation.py","20054","2EEAEE9EA50535C870E0936A16DFDF6D244E189731A7E72821AAB0F1BE2F0372"
"backend\tests\test_evidence.py","2072","E6145F953DE585BE174EF3CDE791A4E452B3F4F1BC9BEBB87114387E1C8C337F"
"backend\tests\test_extraction.py","11191","4954707A195391EC4D30BE7DC67D5DEC86B7CCE9014FA7778658B00114796E03"
"backend\tests\test_extraction_postgres.py","8047","A23CEB8E4B4C3A45EA167B17F70D7E8FE62974747BC0C408E113A9A2710ED840"
"backend\tests\test_hardening_prompt_budget.py","9145","249C51B4AEB1AF2AD1EAF7DD2CC099110324201249AE0C1ADD3213A6E0267FBE"
"backend\tests\test_hardening_retrieval.py","4052","97209298418F549A55592C49D5C9CFED22770D67F41445F3A5D8D50823EB7089"
"backend\tests\test_hardening_routing.py","2927","5F74CE3B020A1140F1E4E166F11E77F46119C25A2B2942EAEA6689F0F672DA5B"
"backend\tests\test_ingestion.py","8520","10F7DB1FE98928DBB22CA3E197FC67BC2D6919F25FD35F23C98CBDB6D3493237"
"backend\tests\test_ingestion_postgres.py","6805","120267228909F448AF1B5719AFCE3C0BA43E3CAF4412422B12C40249B681AA49"
"backend\tests\test_judge.py","9375","2A36D2E035F98255A9D2F818F9916353CAC0DF58D2B5B0A469333DED8B11085F"
"backend\tests\test_migration_008_postgres.py","2583","A17AEB260E75A5BEE77201A789D141731CAD6D2B79E9DA85F3683040FB653AB5"
"backend\tests\test_model_router.py","19149","517ED14233E097161C42B072620711FDFFBBA31B7DC955E57E3DE71AE4759F70"
"backend\tests\test_normative_audit.py","4451","E7BC54DDAD23FEA5A3F5AE472A2F726C6BB3DD62CF3AB290EF3423068E88A16E"
"backend\tests\test_parity.py","12424","E765FEC9BA5B01C5344E0C28CC05803C4E67ECEEA0D8682602F703E009B208F6"
"backend\tests\test_paths.py","2012","C7E8BDEB15083C763581E8611B5C346DFF6436100F471430B0752ADF74969A20"
"backend\tests\test_phase15.py","43199","CF7171796361E00A42633325457BACB068A8B34C4C98B7020D1D7A68BBA14E46"
"backend\tests\test_phase15_tr.py","10447","41812F6C4D9644FBD47BD26990D6311A8A69CB990F4201223211A23588F32B80"
"backend\tests\test_phase16.py","57151","64A53D668FDB8CC4474B5F98200076A5AA4A7C3637F4961FD426D38455D61955"
"backend\tests\test_phase17.py","28033","C172EBE8C1D86FD4B50F9AD5078A1EA10988CDBA073B7B4104306D3E498B75CB"
"backend\tests\test_pilot.py","34516","1177E19B322A455F416074858FDC8B3C3F41747452890EEBFFC1F4DE084B8ED5"
"backend\tests\test_platform.py","27563","96BACFA0D6408B913EE9E747543688E5733450E67B685AD3A932BC862C990EA5"
"backend\tests\test_postgres.py","2825","9E5751451A2DA80C13BBF3DEEB0BB7AAFA84E3D66850C4A0B6DEE84BA718FBF6"
"backend\tests\test_private_model_integration.py","8504","001B7623B55EF5FFFA06D8377FB97326C1DFEE14C4D18ECA5995064771F3733B"
"backend\tests\test_private_provider.py","15917","9FED2CA087EC33B73F326929F31C04C41B5786F815EF2ECF0AC90C61EDDD1005"
"backend\tests\test_private_vectors.py","16184","C810925F5366FF8F58280249260406B233788F686189AA58B7CA233DB91B5DC8"
"backend\tests\test_quality.py","8690","FF332E881EF6F2EE3FF971AE4E2AA67CBFEFC5F697217E1DAC6F854587CB24FF"
"backend\tests\test_regulation.py","20743","4AC457BDD357A47604AFFC08B000A4EF469F0E7CC8B5DE6258AD209B6B940BA9"
"backend\tests\test_scope_hardening.py","33961","14745EE1B5A29AA3395A5DC583D25077E10969C2192D09EC739F6A75D066A195"
"backend\tests\test_semantic.py","19188","F84974C3326CEC1E40D000B223BAAEC3FF900FBC3A89D510AC5E07EE6D94A1BB"
"backend\tests\test_turkiye.py","25783","B0C55488795CC7999AD5812A0E7374178453C641CEDF2C9D13E8D35733CF29B4"
"backend\tests\test_v018_applicability.py","51437","C3086D2693C212A5A196A0E2749B3D12B4FE8AF2F7CC77A157E24B2FB6FF39B6"
"backend\tests\test_v018_change_impact.py","26675","3A2575075A06740A519683ED0893BE7665126C08E1A8A8A6B2C19A8B5A634F68"
"backend\tests\test_v018_document_quality.py","15558","87E586A86B3F1D6F9C86D24FE80E10290FCD2011934584BD29099C55FB59C5C5"
"backend\tests\test_v018_evaluation.py","38076","D147F9D2425E48F4E2B321156E2E7D8749D38A5E5CACB3B58A377DF3B5139B51"
"backend\tests\test_v018_platform_regression.py","29479","E9159B60DB57AEF12D1B4059B88D860733926C7ADAA286212C5D31CA81A5F82B"
"backend\tests\test_v018_reliability.py","36856","972C4B25B21E1500E1B851D50E4E6BEF57B6B1C179451EC4AF69727370E3148D"
"backend\tests\test_v018_review.py","17548","0733E5A2CDCAA427DAC47F81F7A3DBA9FF2871AC516CD492A8BAB32549191EC1"
"backend\tests\test_v019_conflict_pipeline.py","49464","FC3FA8EF30D3BB2E75961D3D6A40F36F9A292801057523C0D654BE830881F2C1"
"backend\tests\test_v019_context.py","34702","DA2DB4C2B0CCF22097E62B9F7D3D2AFF1523BDB03AD1176372A9EE15548FA66D"
"backend\tests\test_v019_coverage_errors.py","18561","A74599D059B720EFD0A891CA0368D53FEA53BC19B2D17896872F85078E8857C1"
"backend\tests\test_v019_covers_gate.py","17962","2C5F1C3D64870DE9A50FDA46C40A73CA8037BFB5EDE6BC7D5754B396AB49192B"
"backend\tests\test_v019_entity_taxonomy.py","19518","8742BDBEA316E36A0AAC6A75189578816E9C1DA5F394BA6273A5A0FEFABEC890"
"backend\tests\test_v019_evaluation.py","58329","6D97B3A6A029C504D8D1B5E505656FE425803AA214849E832FA7FC13A62E4557"
"backend\tests\test_v019_extraction.py","39303","636CB163E741788B26AD4C5ED28377FC6F8282DACF58A85FBEDC308D739667E4"
"backend\tests\test_v019_extraction_recall.py","20841","A655DC3D1FE7A8694928FC1B8103CE0C913436BBDA366C3456B3104BCC5E5CFF"
"backend\tests\test_v019_fingerprint.py","32152","627DB59234B9EC229D28F4C7E704DCEC2083073F9B92E86112CDE2F9AC1C5BC1"
"backend\tests\test_v019_grounding_salvage.py","13933","59F2A383F6061ADD0ADDA3AEB00A87432866C23091D13075FB78E724CAD148D3"
"backend\tests\test_v019_independent_isolation.py","8966","51A51269CE3F47F61B5B7AF8D3F5CCB6D85829596D9C97A417839B2AE1482252"
"backend\tests\test_v019_labels.py","32207","EAC45DF4F6AB51D8DA4AD0332DCC8F33399855E6F336339FBD36B78C9853A3E0"
"backend\tests\test_v019_matching.py","14087","12D88B8CCEA685FD3F13655C059652CA62E057B5061C4FB62C4D29B994545206"
"backend\tests\test_v019_reliability.py","27951","EB4AADB6DB71D141FB8368F3ADC21E4EC817AAFC3121420D6566F4514D9404E1"
"backend\tests\test_v019_short_round.py","34643","C9C7E9954DAF189B02DE433E4E69985DC7165726D5E0CC642C8829EBA71E5FD3"
"backend\tests\test_v019_stricter_partial.py","24643","FBBF56EA69C7054DF4542D57AD1A3A8D62E205D1EEB107F48ECB4446363B9548"
"backend\tests\test_v019_t5_engine.py","27828","82B268AAED88186D60DA36A719E4C70B0C9355F2F4F60A0EC8B960194A89BB37"
"backend\tests\test_v019_t5_grounding.py","19529","F1FC6BB6567B972B81CC9CFC6128D97C8EB101D5EE1A71CDE537846FC51BE270"
"backend\tests\test_v019_t6_alignment.py","27516","A2D04B31B1CCE453CE325D1BFBE83E9FC42C2AD271BF3B90E8AF674A430BC82B"
"backend\tests\test_v019_t6_conflict_gate.py","18127","466AC59925ED7286FC633A1401D3F57C59ECEB9E4A893163A08E297B77CA5720"
"backend\tests\test_v019_t6_partial.py","21605","7ABE64CE546E7CC0DA81EADBE577740085EA9C89140E22C8E64538B251F380E9"
"backend\tests\test_v019_t6_quote.py","19617","B4C7EC1067FA0C461392DDBB2747E8875CD8C3D9DACE8453DAD19D2140FED713"
"backend\tests\test_v019_t6_review1.py","24363","6245A7F91B48207D589E708C23420155E4E26062BFEC4D6A8D29ED16CC5FC626"
"backend\tests\test_v019_t6_truncation.py","28033","A8EB8B75C3B5F723B6C76344C327A6336FF788B9E680ACC35017011C00DE4222"
"backend\tests\test_v019_t7_call_record.py","22328","0DD39A1E99C377A4248673C459B7EF92DE2F94006C476E16C552C5F0C5698D5A"
"backend\tests\test_v019_t7_candidate_review.py","23967","DA86D53A8DA1C669C4EE1D125977DEACBB53090EC9945B08F518D5C22DF7A746"
"backend\tests\test_v019_t7_negative_control.py","20173","E4D360655EB3F2E72FC79881A802A3DFEFA9E81D5BD8611883252A776109FACF"
"backend\tests\test_v019_t7_positive_gate.py","28981","4FCEBB00B7A7916CE4755E7453309D533FF0D7753C069FE732E0E193BEA41D71"
"backend\tests\test_v019_t7_review1.py","33484","FF6CD53D789BD7AF7D53B3B9E7076C38BCB5AB33A6B23CED9C25169A649B6C73"
"backend\tests\test_v019_universal_duty.py","14817","DDC20262D43969172A3C6ED198608B6EC3F4F069689E7CF66D773617DB41631B"
"backend\tests\test_v019_version.py","16215","CB13E23E771D3B5B8CD0833B736AD2C72E19F5283BA3D2929497406B474A62E4"
"backend\tests\test_v020_expert_gold.py","6621","988D4A90B4D53FD1873D3885A895036FCBDA94AD609347A8BFC65F086939BDA8"
"backend\tests\test_v020_financial.py","11679","851C0225CD6D0F5B442DAE83F669BCF7FB0F2E232DECA0C1A309417B6A50CB5A"
"backend\tests\test_workspace.py","22700","36810AA8606EE6F56541DC42F45BBFC81B938805D0B0F64CBC3C726A026B6A84"
"backend\tests\fixtures\tedbirler-200713012.html","237917","61ACC045320A4C28E64E1AB8E01DF7E7D8AF055FD8E00FD44A1CEA72640BE307"
"backend\tests\fixtures\tedbirler-snapshot.json","1293","3471FFE68F9ED76D25BBB2C87639EB11CFF54340858DCC4C855549F743A1AEB9"
"backend\tests\__pycache__\test_amendments.cpython-314.pyc","16163","65BEE4C29C6FC0C4848B7D3433F0BF6CFFE066EF560386D1EDAECE53818C7606"
"backend\tests\__pycache__\test_amendments_postgres.cpython-314.pyc","17426","50672390F3F4F880CFC4646794918358BC68B0DB638643616BF6411D5C864AE2"
"backend\tests\__pycache__\test_api.cpython-314.pyc","3385","A5C75E409CB59B506DA14475B4F2D81CDDF6D6B46E99B4A313A958C8D3C4DCA1"
"backend\tests\__pycache__\test_assessment.cpython-314.pyc","5946","A95A23B6843DA54DA2558EB1E18AC968C8BB65062396A76047A2B63BC691E5D9"
"backend\tests\__pycache__\test_autonomy.cpython-314.pyc","16063","A310200DB54682B2C13E85B05956650003B6901BE485B5108A0879ACBB1C0128"
"backend\tests\__pycache__\test_compare_postgres.cpython-314.pyc","18303","30F4B03594D32C0E9236D37E891AE29C3E612891E82CDF738EFBFBC68BA06D45"
"backend\tests\__pycache__\test_conflict_hardening.cpython-314.pyc","10387","09FE0CA95137E9125F7DE8B5BC9E930892B391D3D12B9EE107DD0AE12B2E2FB5"
"backend\tests\__pycache__\test_consolidated.cpython-314.pyc","22971","91E819B5314AD21D41576AE68FA936F679CF1730AC4E1E4478EE7EC269085AEC"
"backend\tests\__pycache__\test_consolidated_postgres.cpython-314.pyc","21462","AE2BC72F02E0A3E7CB020E08536E3447E5F1834520CC3912569526910C1DEF5B"
"backend\tests\__pycache__\test_contract_v3.cpython-314.pyc","15958","3F093B0E15A8E29D02DEB97F0C817F8D890A5AF5B25CF7FE8CF493E4729924DF"
"backend\tests\__pycache__\test_decision_trace.cpython-314.pyc","5735","8C321F11E50BE2DF664A1592E54BC811EDB659A1404E29376191C67796EE276F"
"backend\tests\__pycache__\test_evaluation.cpython-314.pyc","29839","57A9FBC93AC7FEFA6164E29E631D0A40D4457E988C5A8E07D54FA28682BF70A5"
"backend\tests\__pycache__\test_evidence.cpython-314.pyc","5115","C365CF18968AE0D5AE6EA874F0D497E6667688AFBA3FD0F2AC6EF20F8B41CC3E"
"backend\tests\__pycache__\test_extraction.cpython-314.pyc","21387","1D6493ED7262D8F979CDE5C5272B2CBC0A89F6DD1ECE868E55D4A0E6EF68FA4C"
"backend\tests\__pycache__\test_extraction_postgres.cpython-314.pyc","15374","CFC17CCB206DFB10D9D4DEB64E50354DE811A3D07F79B28456C7C2EDD7DC77AD"
"backend\tests\__pycache__\test_hardening_prompt_budget.cpython-314.pyc","21033","E69914C427A2791CE5C199D0B511C734E10E221C027B650A5057E4FD1C9FBFC6"
"backend\tests\__pycache__\test_hardening_retrieval.cpython-314.pyc","8904","20E90DBE853E6F2242DE0F6D3027554AF395B773D5725E073B2862F28FFADBAB"
"backend\tests\__pycache__\test_hardening_routing.cpython-314.pyc","6052","17CECFF7D393DDFA7323B15AF82F5512E81E7C1094BD04F5A85627E08D4D0730"
"backend\tests\__pycache__\test_ingestion.cpython-314.pyc","18111","2A9CC7BE268AE261A12FC9A889C3D3DCB76D216424EF4AD185C593CAF73E7CBE"
"backend\tests\__pycache__\test_ingestion_postgres.cpython-314.pyc","14032","56BF1A031A81509F9B080966CFA30B4D556A74EF2119F27D2D3FF7A54631C25E"
"backend\tests\__pycache__\test_judge.cpython-314.pyc","17183","8FD041A1152CF5232E6CC5AB2D81D2AB6E724AFBA5FB72E8C7C1958AB9597FDD"
"backend\tests\__pycache__\test_migration_008_postgres.cpython-314.pyc","4602","A938E8AC3D297B589C28FFC3046A8E62ABD5037B254DED82CD7EA903C4783479"
"backend\tests\__pycache__\test_model_router.cpython-314.pyc","33354","99DF757145116CD74AC461DEC9B93B0BB13B897E9C5A8D028445CE5E31CC5D6C"
"backend\tests\__pycache__\test_normative_audit.cpython-314.pyc","7889","AEA814FDEFBE5160B1F9035D602B03A2F7E711A73E85F7E92072D35C70CC49E2"
"backend\tests\__pycache__\test_parity.cpython-314.pyc","23073","342EA3A59333E16BA93EC798088F24E0FDF40FA5FAF2E65F3C41F09888619B42"
"backend\tests\__pycache__\test_paths.cpython-314.pyc","4818","22ACEBF15FD8A58464B2A692911F3CD7959C3515F37BD7766F396E4E09B42173"
"backend\tests\__pycache__\test_phase15.cpython-314.pyc","73334","2FE86775E90DD4533004BC5CFC6CF1534E0C81392407E8D4932B4116F8379E56"
"backend\tests\__pycache__\test_phase15_tr.cpython-314.pyc","18872","A5386744F832903427FDB7BA8A6165CF0B2CA9A8DB957ADCF671F8839F76FC6E"
"backend\tests\__pycache__\test_phase16.cpython-314.pyc","97912","9B467E37469C85B15FB12D40A2D08F7624ACA67A3FD83D88438C8D5CE218B21D"
"backend\tests\__pycache__\test_phase17.cpython-314.pyc","47903","2F28E2B1E3464A192C1028F3C7DD6FD7D456337623F36D10EF07A6B2B90BF89F"
"backend\tests\__pycache__\test_pilot.cpython-314.pyc","60316","28E9AED4039D6A2AF2D964CD4BD1D7F446E7E85AC4DA9BB41C1696C6CE8640E1"
"backend\tests\__pycache__\test_platform.cpython-314.pyc","57543","A8A55AA5DB628CA25B1E984990E0ED0BC3F5003959A061FD41011C7161AE0864"
"backend\tests\__pycache__\test_postgres.cpython-314.pyc","6839","7B98F71FBBB12F1A5A60229705BB0E3B41BA5DCDE6151997A1443BACFC9C69B0"
"backend\tests\__pycache__\test_private_model_integration.cpython-314.pyc","18020","37ABB7FA8034BFB987E82358A5FE12C0E2DF18C0CD06F0D3498139FE894B57C8"
"backend\tests\__pycache__\test_private_provider.cpython-314.pyc","34230","881ACFC8626F5E4528247E213FB1ABFD99A83EE9C3A69A68BB36C9D6977AC17D"
"backend\tests\__pycache__\test_private_vectors.cpython-314.pyc","34318","EC867DFD5DFA9FE0176B95B9FB30B6F07ED5BEA94B146BDC9A9FE938549A6850"
"backend\tests\__pycache__\test_quality.cpython-314.pyc","16850","35B406D607859AFF6FEA8A97AB52CA9C2C1262D4D2092F38E541715B18072E38"
"backend\tests\__pycache__\test_regulation.cpython-314.pyc","42193","6D53C4CBC55D8648B966B1310A626C0FDC01BC024A34DB70892E7D9913BBAA23"
"backend\tests\__pycache__\test_scope_hardening.cpython-314.pyc","60901","5A768ED50459B96808DDB514C12682C7D90518472055845EE7C696764471A6D2"
"backend\tests\__pycache__\test_semantic.cpython-314.pyc","36835","5D28CECCAD5D3FBEF588D2A65CFA99D7902BA000221E6476DF984E6EF7D4F7BE"
"backend\tests\__pycache__\test_turkiye.cpython-314.pyc","43592","15DF6B73AF40704509292D4C2E5B999919B4EC261C4D5D93C44BB9E259146014"
"backend\tests\__pycache__\test_v018_applicability.cpython-314.pyc","81798","E002A4FDA9F87BAB1B8032807C8C3FE7609E5AFD3C78D5678957FFF4379069C4"
"backend\tests\__pycache__\test_v018_change_impact.cpython-314.pyc","41206","EE68C634B2218A4D862612CBB1D5E041BE3CCA916601143B725F7F061C96225D"
"backend\tests\__pycache__\test_v018_document_quality.cpython-314.pyc","31564","C960E8A6A9591C69A63DFF3C948694461066F5E552B92E54C21D969B48184DA4"
"backend\tests\__pycache__\test_v018_evaluation.cpython-314.pyc","56132","2F5EC9FBE40F2B8F53A74910251CE7BA8CF11FE19675C9C2F13EE2DDE6AFFF1D"
"backend\tests\__pycache__\test_v018_platform_regression.cpython-314.pyc","50593","BDBE2AF5E198BA36497A10B916E141F30956E191D80AA3BD0D353868A4E8BDF7"
"backend\tests\__pycache__\test_v018_reliability.cpython-314.pyc","68407","DA28098C0A06CE8AB3F24A90812FD7437FFE87C75418B01676419B1AFA81BCC0"
"backend\tests\__pycache__\test_v018_review.cpython-314.pyc","24902","9DAE320886B6A9E50A79EFD2C7F1D2D279511E0B7388DFFB67CF16DE412E7631"
"backend\tests\__pycache__\test_v019_conflict_pipeline.cpython-314.pyc","80914","A2DF89ABC1AE6DD1180EA6D4F38AA664449D258B14EE04512D4726EDB238C6D3"
"backend\tests\__pycache__\test_v019_context.cpython-314.pyc","51378","D2092A98C5D5118CF7431E528AB0244B0744918BC8A2E9A692924BB9D23D5C7D"
"backend\tests\__pycache__\test_v019_coverage_errors.cpython-314.pyc","26287","DFB2B327D7DEAD2B42E425F5B26D10F9C60F0B3F5AA2D73654FF8697C0FEE2BA"
"backend\tests\__pycache__\test_v019_covers_gate.cpython-314.pyc","26351","30830BB35013DBC58B3BF1BF240B2613CC9F74FEDFFF1351CB1FE1D0E5727CFD"
"backend\tests\__pycache__\test_v019_entity_taxonomy.cpython-314.pyc","29166","349B9BA036B76B9BFC75023F2F94A9F7FF8701C1EA9F85836AA8F75B0CF7C369"
"backend\tests\__pycache__\test_v019_evaluation.cpython-314.pyc","84627","87B5A028497B290D349DFFC8D171965A6780E195240761F54850D0B2D2AEE854"
"backend\tests\__pycache__\test_v019_extraction.cpython-314.pyc","53641","E39933CE4F88410D4F05C641F1D32396BF6DCBF1B196F1B2B4926D3E98DF9E2D"
"backend\tests\__pycache__\test_v019_extraction_recall.cpython-314.pyc","31870","9A96A0E7A5424B7A16AD90501BBFF6A65833D902C053DD5136A798885E3F024E"
"backend\tests\__pycache__\test_v019_fingerprint.cpython-314.pyc","40104","D44B8F289DEB9BEA345E9C04A51FB0FA787D278E8E9BFF739E0919AD60BB4F86"
"backend\tests\__pycache__\test_v019_grounding_salvage.cpython-314.pyc","19056","9BE56937AEA4A8C9E71CAE2DF7FDB3DD4DC0CA41F570A905B7A38A1D36E5DBC1"
"backend\tests\__pycache__\test_v019_independent_isolation.cpython-314.pyc","19244","7CCA1220775036BAF027DF89919A08BF077E44B1895426641D353F202C95B72C"
"backend\tests\__pycache__\test_v019_labels.cpython-314.pyc","59493","BBA54433C538E2E244A209630450BF278713D3DC2318FED3D28554F29B700107"
"backend\tests\__pycache__\test_v019_matching.cpython-314.pyc","20973","8C940113A448EEEBBCE2F82F132A0A6E4E6F2E7AB1DB2843EE14548FA78193BC"
"backend\tests\__pycache__\test_v019_reliability.cpython-314.pyc","45038","95F5DDC8060BE47ADCC955FA0AFA5383903E9B0E607259775B8B0B22BD0DCAEF"
"backend\tests\__pycache__\test_v019_short_round.cpython-314.pyc","47693","0D92EEAF0936359753A0237207ADFAA64B1BEE4F7CF2F4B19BB65398663800F0"
"backend\tests\__pycache__\test_v019_stricter_partial.cpython-314.pyc","35991","FAAFDDE85A773188B0F8193B0D5EDC411C46BF6DC2986026E2661066DB46EAE6"
"backend\tests\__pycache__\test_v019_t5_engine.cpython-314.pyc","36887","E0F23043B8F1CAAF0FE9ACE38C26746A1F2195D9DDDC7C8484E71AE36402EDFD"
"backend\tests\__pycache__\test_v019_t5_grounding.cpython-314.pyc","30242","AA7E268AA1AAFDB78AFBCCDD641A2B078D508B96DD214492B9B4CAAA61733154"
"backend\tests\__pycache__\test_v019_t6_alignment.cpython-314.pyc","45468","69E2FE5CCD55A4651078ABC4128553E3F8F9C7C6156491D28FB696B025D031DC"
"backend\tests\__pycache__\test_v019_t6_conflict_gate.cpython-314.pyc","25027","A02FABB3B762B24969C2335C88784980F1A756E5B18767ACA6E801C048732885"
"backend\tests\__pycache__\test_v019_t6_partial.cpython-314.pyc","30727","E32E7DE6C7A7CD1422F5DF8DC00AE9E6D753FB5487C7309E5A5EE2F6B28F0532"
"backend\tests\__pycache__\test_v019_t6_quote.cpython-314.pyc","29798","213CB30BA7CAA3AE2CBC4F8D4A3C8E65BAFFE69863342007ED2D752BDB4941CC"
"backend\tests\__pycache__\test_v019_t6_review1.cpython-314.pyc","36186","B1D983865EB19FEBE5E2F04E4B40D3885F333CBDBEACE30BBF684A854C18ABEC"
"backend\tests\__pycache__\test_v019_t6_truncation.cpython-314.pyc","50104","42001EC09A447B7635B181C4B4F52C1B57CF2CEBAD4F114EB5407F3C353E35EE"
"backend\tests\__pycache__\test_v019_t7_call_record.cpython-314.pyc","38800","9BD0C4247BDDC02E77E9E4965595859A96DADACF29D686ACB7FDBBE03829323A"
"backend\tests\__pycache__\test_v019_t7_candidate_review.cpython-314.pyc","36780","C3789D2040FA65EA2B49F126DF02444849D31EC494E8A3E2332BD59512A6B406"
"backend\tests\__pycache__\test_v019_t7_negative_control.cpython-314.pyc","28141","303D62100629AEB9376A2F526FA003684B0A9749B9D106DB00BD0694A188EDA6"
"backend\tests\__pycache__\test_v019_t7_positive_gate.cpython-314.pyc","37360","01BF73BED1F4BF92C6932CCD47BA6485DE4301E2E4FFC3DE6F245BD6F9DC7140"
"backend\tests\__pycache__\test_v019_t7_review1.cpython-314.pyc","55176","C63AF64A928FFDF5799B6772C8F7D2850B1139DFB908E067443D62720C90CD0D"
"backend\tests\__pycache__\test_v019_universal_duty.cpython-314.pyc","21692","C07C0E900A54D0A3254339AC3069709C562742AFFC80B7E9D5334385B34C95E7"
"backend\tests\__pycache__\test_v019_version.cpython-314.pyc","28119","3CCD75513F43EB5760EF6ABBF8A76371C2CC5E1C1D1EF23AACE9C7FA19234F40"
"backend\tests\__pycache__\test_v020_expert_gold.cpython-314.pyc","11182","34B1D97E59C0EFC2FA10736E33E5BEE0B7595EB434B33A6E659295C94A42CB96"
"backend\tests\__pycache__\test_v020_financial.cpython-314.pyc","19642","ACAE3243CC4F25FA6F475505B833CD6B8388C1969E74DA7A53144798AC2EF3A7"
"backend\tests\__pycache__\test_workspace.cpython-314.pyc","45503","4762DDCBA5863B49EF2C5DE783CCBD3DCF1D7A6AED3BBD8F0D1AC3152B30CDA9"
"evaluation\reports\baseline-v017-full\baseline.json","3579","B2BD2CBE27EBAD82F27973CA5573E8E017E525548E37D316C015E9912DDAA25A"
"evaluation\reports\baseline-v017-full\baseline.md","2654","7C59BB76B2B744A2747BC8045942D39C03A1038C623013B1E72B2802001931DE"
"evaluation\reports\baseline-v017-full\errors.json","139194","57F2B0F14999313CF65004AFC7C3C1ED33E4C7D09376587ADBAFB3CEA46041ED"
"evaluation\reports\baseline-v017-full\errors.md","7106","8A1B37C5876C8E36531A4114F2927121C4E68CACA15DC33E08C619B52447B349"
"evaluation\reports\baseline-v017-full\FROZEN.json","1216","1369F9B618E9C15CB24C5514EB96D7B535BBC8E1A039D10DFAA0C1F953475DD2"
"evaluation\reports\baseline-v017-full\manifest.json","4612","554DD090737DB3AE64D00B2E0E78526C164B830DB06BA684F736D680CF3EBBF8"
"evaluation\reports\baseline-v017-full\metrics.json","13289","D4B4C5762E273FAF42F72FD2E893FD3C2FFE589D768E879F88214C61AB7D361C"
"evaluation\reports\baseline-v017-full\report.md","15502","5359ECC133AB1787C8D8F68929359E7488ED6CF00AB1EA1C2FB729C7D612F619"
"evaluation\reports\baseline-v017-full\rescore.json","345","8234D9E3E10B6B48D9528E960A4E60A519CD49D68E152DB7684B6CB473008F99"
"evaluation\reports\baseline-v017-full\results.json","422956","4134AE950222912542D8F0D00B43F70EB173674A79882E6B9091508621C38BCF"
"evaluation\reports\baseline-v017-full\results.rescored.json","360435","3F22EF9F4CE00288ED8F2F42D323510022F6CA40FC2D82AD6A5F3057A4C9B780"
